bit_width_lambda,accuracy_mean,accuracy_std,bit_operations_mean,bit_operations_std,average_bit_width_mean,average_bit_width_std
-1e-08,53.650260521042085,2.3266448293504367,35883233472.0,3663004471.2603145,14.825,0.3881043674065006
0.0,53.67070140280562,2.3924602297089814,35622656778.66667,3122940274.8715386,14.775,0.45345892868042637
0.125,52.0503006012024,2.8117912710454,28233572192.0,2946635769.2931747,10.45,0.2692582403567252
0.25,52.23030060120241,1.674413908056858,27553410536.0,2142480541.640299,10.55,0.3122498999199199
0.375,52.41010020040081,2.1261508236317654,27708783432.0,2351506023.860778,10.4,0.27838821814150105
0.5,51.60989979959919,2.3641748954027224,27360466792.0,2976555234.746343,10.225,0.4394598957811736
0.625,52.149579158316634,2.9903308760533713,25961808728.0,2845581502.814628,10.05,0.4444097208657794
0.75,50.74993987975951,2.436929684056356,26386650720.0,2204894881.2921834,9.9,0.44999999999999996
0.875,51.05026052104208,2.902865975439095,26236297896.0,1534492296.4156578,9.925,0.40388736053508784
1.0,51.669779559118226,1.9373491373091796,25461231680.0,1874068240.4949894,9.85,0.32015621187164245
