bit_width_lambda,accuracy_mean,accuracy_std,bit_operations_mean,bit_operations_std,average_bit_width_mean,average_bit_width_std
-1e-08,85.4986846446991,1.0805826496312565,128755667503.82457,1164301862.2859848,6.909090909090909,0.29690784761008193
0.1,86.01331909497578,1.0384884178960185,111993289721.33334,1023847402.644192,5.696969696969696,0.1714198257421936
1,84.85599160194397,2.3843887463702256,80103318721.19298,1023847402.6441919,5.212121212121212,0.17141982574219317
