bit_width_lambda,accuracy_mean,accuracy_std,bit_operations_mean,bit_operations_std,average_bit_width_mean,average_bit_width_std
-1e-08,90.79170854271356,1.515141814588719,33637990912.0,4083257260.7283926,14.975,0.2076655965729519
0.0,90.48944723618091,1.3128465529390123,33596452277.333336,3939985728.389636,15.05,0.5678908345800273
0.125,89.79020100502512,1.323895192164534,26281301608.0,3436442585.619208,10.85,0.16583123951777
0.25,89.3394472361809,1.0953445184740542,25796397568.0,3500520512.8611226,10.7,0.3122498999199199
0.375,88.83894472361808,1.6745764449686036,24829774336.0,3776380945.7974987,10.575,0.3363406011768427
0.5,89.74095477386935,2.0105296067865197,25373700576.0,3238670545.91001,10.725,0.28394541729001366
0.625,88.08994974874372,1.9122622863619214,24463687640.0,3266962895.8621964,10.45,0.35000000000000003
0.75,88.2894472361809,2.071998844750195,24575147944.0,3762416872.956069,10.6,0.3570714214271425
0.875,89.08768844221106,1.9847132544415587,24344332800.0,3856203902.2053294,10.425,0.2968585521759479
1.0,89.34120603015076,1.5068263816045253,24345925224.0,3557844560.5466065,10.325,0.225
